<?xml version="1.0" encoding="utf-8" standalone="yes"?>
<rss version="2.0" xmlns:atom="http://www.w3.org/2005/Atom">
  <channel>
    <title>News on 정보보증 연구실</title>
    <link>//localhost:1313/post/</link>
    <description>Recent content in News on 정보보증 연구실</description>
    <generator>Hugo</generator>
    <language>en</language>
    <atom:link href="//localhost:1313/post/index.xml" rel="self" type="application/rss+xml" />
    <item>
      <title>2022 강원도 사이버보안 해킹방어대회 입상</title>
      <link>//localhost:1313/post/chapter-2/</link>
      <pubDate>Mon, 01 Jan 0001 00:00:00 +0000</pubDate>
      <guid>//localhost:1313/post/chapter-2/</guid>
      <description>&lt;p&gt;IT대학 컴퓨터공학과 소속 학부생 및 융합보안대학원 소속 대학원생으로 구성된 &amp;lsquo;SIG Security&amp;rsquo;팀 (지도교수: 송원준)의 김건희, 황상현, 김시성, 권희광 학생이&lt;/p&gt;&#xA;&lt;p&gt;12월 9일 진행된 2022년 강원도 사이버보안 해킹방어대회에서 동상(강원테크파크원장상)을 입상하였다.&lt;/p&gt;&#xA;&lt;p&gt;지상작전사령부, 한국인터넷진흥원, 강원테크노파크가 주최하고, 강원정보보호지원센터가 주관하는 이번대회는 총 16팀이 참가하였으며,&lt;/p&gt;&#xA;&lt;p&gt;pwnable, web, reversing, crypto 등의 다양한 형태의 보안문제가 출제되어 경쟁이 이루어졌다.&lt;/p&gt;&#xA;&lt;p&gt;학생들은 소프트웨어 중심대학 사업단에서 운영하는 &amp;lsquo;오픈소스 시스템 보안 SIG Sec.&amp;rsquo; 동아리 활동과 함께 대회에 참여하였으며,&lt;/p&gt;&#xA;&lt;p&gt;팀 리더인 권희광 학생은 &amp;ldquo;올해 첫 오프라인에서 이루어진 해킹대회에 참가하여 다른학교 학생들과 실시간으로 경쟁하는것이 좋은 경험이 되었고,&lt;/p&gt;</description>
    </item>
    <item>
      <title>2022 개인정보 가명 익명처리 기술 경진대회 최우수상 수상</title>
      <link>//localhost:1313/post/chapter-1/</link>
      <pubDate>Mon, 01 Jan 0001 00:00:00 +0000</pubDate>
      <guid>//localhost:1313/post/chapter-1/</guid>
      <description>&lt;p&gt;일반대학원 융합보안학과 석사과정에 재학 중인 이현진, 김선우（지도교수 손경호）, 강성욱（지도교수 김우진） 원생과 컴퓨터공학과 학부 과정에 재학 중인 홍정협, 오훈（지도교수 손경호） 학생이 9월 13일（화）부터 11월 12일（토）까지 온라인으로 진행된 「2022 개인정보 가명·익명처리 기술 경진대회」에서 ‘학생부 최우수상（한국인터넷진흥원 원장상）’과 ‘일반부 장려상（한국인터넷진흥원 원장상）’을 수상했다.&lt;/p&gt;&#xA;&lt;p&gt;이번 대회는 안전한 데이터 활용을 위한 가명·익명처리 기술 발굴과 저변 확대를 위해 과학기술정보통신부（장관 이종호）가 주최하고, 한국인터넷진흥원（KISA, 원장 이원태）가 주관했다.&lt;/p&gt;&#xA;&lt;p&gt;이번 경진대회는 일반부, 학생부 2개 부문으로 나뉘어 예선은 익명처리 기술 경연, 본선은 가명·익명처리 기술 경연 및 발표평가로 치러졌으며, 총 12개 팀이 수상자로 선발되었다.&lt;/p&gt;</description>
    </item>
    <item>
      <title>2023 가명익명처리 대회 최우수상 수상</title>
      <link>//localhost:1313/post/chapter-3/</link>
      <pubDate>Mon, 01 Jan 0001 00:00:00 +0000</pubDate>
      <guid>//localhost:1313/post/chapter-3/</guid>
      <description>&lt;p&gt;강원대 융합보안학과 ‘홍석사님을 아세요’팀이 13일 서울 드래곤시티에서 개최된 ‘2023 가명·익명처리 경진대회’에서 대상인 한국인터넷진흥원장상을 수상했다.&lt;/p&gt;&#xA;&lt;p&gt;‘홍석사님을 아세요’ 팀은 융합보안학과 석사과정 홍정협·김선우 대학원생, 인공지능사이버보안학과 이호형 학생, 컴퓨터공학과 김준수 학생으로 구성됐으며, 이번 대회에서 우수한 가명·익명 처리 기술과 문제해결 능력으로 ‘대상’의 영예를 안았다.&lt;/p&gt;&#xA;&lt;p&gt;홍정협 팀장은 “재작년 장려상 수상, 작년 최우수상 수상에 이어 더 좋은 성적을 거둬 뜻깊게 생각하며, 손경호 교수님의 지도에 감사를 전한다”고 말했다.&lt;/p&gt;</description>
    </item>
    <item>
      <title>2024 가명익명처리 대회 최우수상 수상</title>
      <link>//localhost:1313/post/chapter-4/</link>
      <pubDate>Mon, 01 Jan 0001 00:00:00 +0000</pubDate>
      <guid>//localhost:1313/post/chapter-4/</guid>
      <description>&lt;p&gt;과학기술정보통신부, 개인정보보호위원회가 총괄주최한 ‘2024 가명정보 활용 경진대회 컨퍼런스’는 보건복지부, 금융위원회, 국세청이 공동주최, 한국인터넷진흥원의 주관으로 가명정보 활용 경진대회 수상자를 포상, 가명정보 활용 우수사례, 가명·AI 기술을 발표하는 행사다. 가명정보에 대한 인식 제고 및 전문인력 양성을 위해 마련된 자리로, 기술부문, 활용부문으로 나뉜 가운데, 기술부문은 예선전과 본선전을 통해 총 8팀이 선발됐다.&lt;/p&gt;&#xA;&lt;p&gt;기술부문 대상은 강원대 ‘내 이름은 별별별’팀이 수상했다. 내 이름을 별별별팀은 융합보안학과 석사과정 홍정협 학생과 김정현 학생, 학부 컴퓨터공학과 김준수 학생, 학부 인공지능사이버보안학과 이호영 학생으로 구성됐으며 손경호 교수가 지도를 맡았다.&lt;/p&gt;</description>
    </item>
  </channel>
</rss>
